Time,header.seq,header.stamp.secs,header.stamp.nsecs,header.frame_id,overshoot,rise_t,settle_t,ringing
110.442461052,0,110,442461052,,1.094324568138049,11.464996239,0.0,0.0
130.447462378,1,130,447462378,,0.0,11.710001504000001,0.0,0.0
150.462457917,2,150,462457917,,0.45720058498557137,12.284989831,0.0,0.0
170.462470132,3,170,462470132,,2.102777761142889,11.889999619,0.0,0.0
190.467459871,4,190,467459871,,0.6069848332747085,11.710009276000001,0.0,0.0
210.472460088,5,210,472460088,,1.1000342356602033,11.570005241,0.0,0.0
230.482458337,6,230,482458337,,1.2716211606579009,11.87999874,0.0,0.0
250.48745847,7,250,487458470,,0.0,11.705008261,0.0,0.0
270.497458001,8,270,497458001,,0.11918470030072115,12.049996664,0.0,0.0
290.50745735,9,290,507457350,,0.5169665408009081,11.840001379,0.0,0.0
310.512458426,10,310,512458426,,0.6045386257119958,11.820004177,0.0,0.0
330.522461337,11,330,522461337,,1.107119319716574,11.985003116,0.0,0.0
350.532458562,12,350,532458562,,0.0,12.084999626,0.0,0.0
370.537457673,13,370,537457673,,0.9635212533265758,11.874998375,0.0,0.0
390.542466104,14,390,542466104,,2.796123841226077,11.759996375,0.0,0.0
410.552456633,15,410,552456633,,0.9543475369529659,11.560003783,0.0,0.0
430.557464577,16,430,557464577,,0.6415202616542501,11.775000047,0.0,0.0
450.567463317,17,450,567463317,,1.3224272994892345,11.689997132,0.0,0.0
470.572458002,18,470,572458002,,2.456093574063331,11.924994625,0.0,0.0
490.582466937,19,490,582466937,,0.7488853974919749,11.755008331,0.0,0.0
